IP,Date,Time,Accepted cookies,Device type,Browser language,Browser name,OS Name,Country,Region,RegionName,City,Zipcode,Lat,Lon
49.36.83.154,2023-04-27,03:58:40 UTC,["necessary"],desktop,en,Chrome,Linux,India,GJ,Gujarat,Surat,395007,21.1888,72.8293
49.36.83.154,2023-04-27,04:17:54 UTC,["necessary"],desktop,en,Chrome,Linux,India,GJ,Gujarat,Surat,395007,21.1888,72.8293
49.36.83.154,2023-04-27,04:56:25 UTC,["necessary"],desktop,en,Chrome,Linux,India,GJ,Gujarat,Surat,395007,21.1888,72.8293
49.36.83.154,2023-04-27,05:07:42 UTC,["necessary"],desktop,en,Chrome,Linux,India,GJ,Gujarat,Surat,395007,21.1888,72.8293
49.36.83.154,2023-04-27,05:20:39 UTC,["necessary"],desktop,en,Chrome,Linux,India,GJ,Gujarat,Surat,395007,21.1888,72.8293
49.36.83.154,2023-04-28,02:46:21 UTC,["necessary"],desktop,en,Chrome,Linux,India,GJ,Gujarat,Surat,395007,21.1888,72.8293
49.36.83.154,2023-04-28,03:25:50 UTC,["necessary"],desktop,en,Chrome,Linux,India,GJ,Gujarat,Surat,395007,21.1888,72.8293
49.36.83.154,2023-04-28,03:26:23 UTC,["necessary"],desktop,en,Chrome,Linux,India,GJ,Gujarat,Surat,395007,21.1888,72.8293
49.36.83.154,2023-04-28,10:36:18 UTC,["necessary"],desktop,en,Chrome,Linux,India,GJ,Gujarat,Surat,395007,21.1888,72.8293
49.36.83.154,2023-04-28,10:37:46 UTC,["necessary"],desktop,en,Chrome,Linux,India,GJ,Gujarat,Surat,395007,21.1888,72.8293
49.36.83.154,2023-04-28,11:20:38 UTC,["necessary"],desktop,en,Chrome,Linux,India,GJ,Gujarat,Surat,395007,21.1888,72.8293
148.255.226.6,2025-08-19,00:09:29 UTC,["necessary"],desktop,en,Chrome,Windows,Dominican Republic,01,Nacional,Santo Domingo,10401,18.4914,-69.9
148.255.226.6,2025-08-19,00:12:19 UTC,["necessary"],desktop,en,Chrome,Windows,Dominican Republic,01,Nacional,Santo Domingo,10401,18.4914,-69.9
148.255.226.6,2025-08-19,00:28:13 UTC,["necessary"],desktop,en,Chrome,Windows,Dominican Republic,01,Nacional,Santo Domingo,10401,18.4914,-69.9
148.255.226.6,2025-08-19,00:29:49 UTC,["necessary"],desktop,en,Chrome,Windows,Dominican Republic,01,Nacional,Santo Domingo,10401,18.4914,-69.9
148.255.226.6,2025-08-19,00:30:55 UTC,["necessary"],desktop,en,Chrome,Windows,Dominican Republic,01,Nacional,Santo Domingo,10401,18.4914,-69.9
148.255.226.6,2025-08-19,00:34:04 UTC,["necessary"],desktop,en,Chrome,Windows,Dominican Republic,01,Nacional,Santo Domingo,10401,18.4914,-69.9
148.255.226.6,2025-08-19,00:38:26 UTC,["necessary"],desktop,en,Chrome,Windows,Dominican Republic,01,Nacional,Santo Domingo,10401,18.4914,-69.9
186.150.202.194,2025-08-19,15:10:01 UTC,["necessary"],desktop,es,Chrome,Windows,Dominican Republic,01,Nacional,Santo Domingo,10203,18.4615,-69.8965
186.150.202.194,2025-08-19,15:23:11 UTC,["necessary"],desktop,es,Chrome,Windows,Dominican Republic,01,Nacional,Santo Domingo,10203,18.4615,-69.8965
186.150.202.194,2025-08-19,15:26:04 UTC,["necessary"],desktop,es,Chrome,Windows,Dominican Republic,01,Nacional,Santo Domingo,10203,18.4615,-69.8965
186.150.202.194,2025-08-19,15:28:33 UTC,["necessary"],desktop,es,Chrome,Windows,Dominican Republic,01,Nacional,Santo Domingo,10203,18.4615,-69.8965
186.150.202.194,2025-08-19,15:30:52 UTC,["necessary"],desktop,es,Chrome,Windows,Dominican Republic,01,Nacional,Santo Domingo,10203,18.4615,-69.8965
186.150.202.194,2025-08-19,15:37:30 UTC,["necessary"],desktop,en,Chrome,Windows,Dominican Republic,01,Nacional,Santo Domingo,10203,18.4615,-69.8965
186.150.202.194,2025-08-19,15:39:47 UTC,["necessary"],desktop,en,Chrome,Windows,Dominican Republic,01,Nacional,Santo Domingo,10203,18.4615,-69.8965
186.150.202.194,2025-08-19,15:42:12 UTC,["necessary"],desktop,es,Chrome,Windows,Dominican Republic,01,Nacional,Santo Domingo,10203,18.4615,-69.8965
186.150.202.194,2025-08-19,15:44:44 UTC,["necessary"],desktop,es,Chrome,Windows,Dominican Republic,01,Nacional,Santo Domingo,10203,18.4615,-69.8965
186.150.202.194,2025-08-19,15:49:42 UTC,["necessary"],desktop,es,Chrome,Windows,Dominican Republic,01,Nacional,Santo Domingo,10203,18.4615,-69.8965
186.150.202.194,2025-08-19,15:51:58 UTC,["necessary"],desktop,en,Chrome,Windows,Dominican Republic,01,Nacional,Santo Domingo,10203,18.4615,-69.8965
111.94.11.212,2025-11-20,22:51:26 UTC,["necessary"],desktop,en,Firefox,Windows,Indonesia,JK,Jakarta,Jakarta,13140,-6.2052,106.8694
